Moneda,Cambio,Fecha
AUD,1.6176,2026-10-02
BRL,5.861,2026-10-02
CAD,1.5984,2026-10-02
CHF,0.9279,2026-10-02
CNY,7.5259,2026-10-02
CZK,24.47,2026-10-02
DKK,7.4736,2026-10-02
GBP,0.85033,2026-10-02
HKD,8.8084,2026-10-02
HUF,369.18,2026-10-02
IDR,20149.32,2026-10-02
ILS,3.4408,2026-10-02
INR,108.1245,2026-10-02
ISK,137.0,2026-10-02
JPY,176.99,2026-10-02
KRW,1513.44,2026-10-02
MXN,20.5806,2026-10-02
MYR,4.5849,2026-10-02
NOK,10.8315,2026-10-02
NZD,2.0002,2026-10-02
PHP,70.265,2026-10-02
PLN,4.3775,2026-10-02
RON,5.3488,2026-10-02
SEK,11.29,2026-10-02
SGD,1.4366,2026-10-02
THB,37.71,2026-10-02
TRY,55.165,2026-10-02
USD,1.1225,2026-10-02
ZAR,18.7839,2026-10-02
